-- =============================================================
-- 周边可视化系统 数据库初始化脚本
-- 由权威库结构导出，已包含全部迁移结果（含 price_record / supplier.risk_level / design_note / category 等共 15 张表）
-- 种子数据：系统用户/角色/权限/标签
-- =============================================================

CREATE DATABASE IF NOT EXISTS `goods_visualization` DEFAULT CHARACTER SET utf8mb4 COLLATE utf8mb4_general_ci;
USE `goods_visualization`;

SET FOREIGN_KEY_CHECKS = 0;

-- ----------- 表结构: sys_user -----------
DROP TABLE IF EXISTS `sys_user`;
CREATE TABLE `sys_user` (
  `id` bigint unsigned NOT NULL AUTO_INCREMENT COMMENT '用户ID',
  `username` varchar(50) COLLATE utf8mb4_unicode_ci NOT NULL COMMENT '用户名',
  `password` varchar(255) COLLATE utf8mb4_unicode_ci NOT NULL COMMENT '密码（加密）',
  `nickname` varchar(50) COLLATE utf8mb4_unicode_ci DEFAULT NULL COMMENT '昵称',
  `real_name` varchar(50) COLLATE utf8mb4_unicode_ci DEFAULT NULL COMMENT '真实姓名',
  `email` varchar(100) COLLATE utf8mb4_unicode_ci DEFAULT NULL COMMENT '邮箱',
  `phone` varchar(20) COLLATE utf8mb4_unicode_ci DEFAULT NULL COMMENT '手机号',
  `avatar` varchar(500) COLLATE utf8mb4_unicode_ci DEFAULT NULL COMMENT '头像地址',
  `department` varchar(100) COLLATE utf8mb4_unicode_ci DEFAULT NULL COMMENT '部门',
  `position` varchar(100) COLLATE utf8mb4_unicode_ci DEFAULT NULL COMMENT '职位',
  `status` tinyint NOT NULL DEFAULT '1' COMMENT '状态: 0-禁用, 1-正常',
  `last_login_time` datetime DEFAULT NULL COMMENT '最后登录时间',
  `last_login_ip` varchar(50) COLLATE utf8mb4_unicode_ci DEFAULT NULL COMMENT '最后登录IP',
  `create_time` datetime NOT NULL DEFAULT CURRENT_TIMESTAMP COMMENT '创建时间',
  `update_time` datetime NOT NULL DEFAULT CURRENT_TIMESTAMP ON UPDATE CURRENT_TIMESTAMP COMMENT '更新时间',
  `is_delete` tinyint NOT NULL DEFAULT '0' COMMENT '软删除: 0-未删除, 1-已删除',
  PRIMARY KEY (`id`),
  UNIQUE KEY `uk_username` (`username`)
) ENGINE=InnoDB AUTO_INCREMENT=4 DEFAULT CHARSET=utf8mb4 COLLATE=utf8mb4_unicode_ci COMMENT='系统用户表';

-- ----------- 表结构: sys_role -----------
DROP TABLE IF EXISTS `sys_role`;
CREATE TABLE `sys_role` (
  `id` bigint unsigned NOT NULL AUTO_INCREMENT COMMENT '角色ID',
  `role_name` varchar(50) COLLATE utf8mb4_unicode_ci NOT NULL COMMENT '角色名称',
  `role_code` varchar(50) COLLATE utf8mb4_unicode_ci NOT NULL COMMENT '角色编码',
  `description` varchar(255) COLLATE utf8mb4_unicode_ci DEFAULT NULL COMMENT '角色描述',
  `sort` int NOT NULL DEFAULT '0' COMMENT '排序',
  `create_time` datetime NOT NULL DEFAULT CURRENT_TIMESTAMP COMMENT '创建时间',
  `update_time` datetime NOT NULL DEFAULT CURRENT_TIMESTAMP ON UPDATE CURRENT_TIMESTAMP COMMENT '更新时间',
  `is_delete` tinyint NOT NULL DEFAULT '0' COMMENT '软删除: 0-未删除, 1-已删除',
  PRIMARY KEY (`id`),
  UNIQUE KEY `uk_role_code` (`role_code`)
) ENGINE=InnoDB AUTO_INCREMENT=5 DEFAULT CHARSET=utf8mb4 COLLATE=utf8mb4_unicode_ci COMMENT='系统角色表';

-- ----------- 表结构: sys_user_role -----------
DROP TABLE IF EXISTS `sys_user_role`;
CREATE TABLE `sys_user_role` (
  `id` bigint unsigned NOT NULL AUTO_INCREMENT COMMENT '主键ID',
  `user_id` bigint unsigned NOT NULL COMMENT '用户ID',
  `role_id` bigint unsigned NOT NULL COMMENT '角色ID',
  `create_time` datetime NOT NULL DEFAULT CURRENT_TIMESTAMP COMMENT '创建时间',
  PRIMARY KEY (`id`),
  KEY `idx_user_id` (`user_id`),
  KEY `idx_role_id` (`role_id`)
) ENGINE=InnoDB AUTO_INCREMENT=4 DEFAULT CHARSET=utf8mb4 COLLATE=utf8mb4_unicode_ci COMMENT='用户角色关联表';

-- ----------- 表结构: sys_permission -----------
DROP TABLE IF EXISTS `sys_permission`;
CREATE TABLE `sys_permission` (
  `id` bigint unsigned NOT NULL AUTO_INCREMENT COMMENT '权限ID',
  `parent_id` bigint unsigned NOT NULL DEFAULT '0' COMMENT '父级权限ID',
  `permission_name` varchar(100) COLLATE utf8mb4_unicode_ci NOT NULL COMMENT '权限名称',
  `permission_code` varchar(100) COLLATE utf8mb4_unicode_ci NOT NULL COMMENT '权限编码',
  `permission_type` varchar(20) COLLATE utf8mb4_unicode_ci NOT NULL COMMENT '权限类型: menu-菜单, button-按钮',
  `icon` varchar(50) COLLATE utf8mb4_unicode_ci DEFAULT NULL COMMENT '鍥炬爣',
  `path` varchar(255) COLLATE utf8mb4_unicode_ci DEFAULT NULL COMMENT '路由路径',
  `sort` int NOT NULL DEFAULT '0' COMMENT '排序',
  `status` tinyint NOT NULL DEFAULT '1' COMMENT '鐘舵?: 0-绂佺敤, 1-姝ｅ父',
  `create_time` datetime NOT NULL DEFAULT CURRENT_TIMESTAMP COMMENT '创建时间',
  `update_time` datetime NOT NULL DEFAULT CURRENT_TIMESTAMP ON UPDATE CURRENT_TIMESTAMP COMMENT '更新时间',
  `is_delete` tinyint NOT NULL DEFAULT '0' COMMENT '软删除',
  PRIMARY KEY (`id`),
  UNIQUE KEY `uk_permission_code` (`permission_code`)
) ENGINE=InnoDB AUTO_INCREMENT=35 DEFAULT CHARSET=utf8mb4 COLLATE=utf8mb4_unicode_ci COMMENT='系统权限表';

-- ----------- 表结构: sys_role_permission -----------
DROP TABLE IF EXISTS `sys_role_permission`;
CREATE TABLE `sys_role_permission` (
  `id` bigint unsigned NOT NULL AUTO_INCREMENT COMMENT '主键ID',
  `role_id` bigint unsigned NOT NULL COMMENT '角色ID',
  `permission_id` bigint unsigned NOT NULL COMMENT '权限ID',
  `create_time` datetime NOT NULL DEFAULT CURRENT_TIMESTAMP COMMENT '创建时间',
  PRIMARY KEY (`id`),
  KEY `idx_role_id` (`role_id`),
  KEY `idx_permission_id` (`permission_id`)
) ENGINE=InnoDB AUTO_INCREMENT=144 DEFAULT CHARSET=utf8mb4 COLLATE=utf8mb4_unicode_ci COMMENT='角色权限关联表';

-- ----------- 表结构: tag -----------
DROP TABLE IF EXISTS `tag`;
CREATE TABLE `tag` (
  `id` bigint unsigned NOT NULL AUTO_INCREMENT COMMENT '标签ID',
  `tag_name` varchar(100) COLLATE utf8mb4_unicode_ci NOT NULL COMMENT '标签名称',
  `tag_code` varchar(100) COLLATE utf8mb4_unicode_ci DEFAULT NULL COMMENT '标签编码',
  `tag_type` varchar(20) COLLATE utf8mb4_unicode_ci NOT NULL COMMENT '标签类型: ip-IP标签, category-品类标签, craft-工艺标签, scene-场景标签',
  `parent_id` bigint unsigned NOT NULL DEFAULT '0' COMMENT '父级标签ID',
  `level` tinyint NOT NULL DEFAULT '1' COMMENT '层级',
  `color` varchar(20) COLLATE utf8mb4_unicode_ci DEFAULT NULL COMMENT '标签颜色',
  `icon` varchar(50) COLLATE utf8mb4_unicode_ci DEFAULT NULL COMMENT '图标',
  `sort` int NOT NULL DEFAULT '0' COMMENT '排序',
  `status` tinyint NOT NULL DEFAULT '1' COMMENT '状态',
  `create_time` datetime NOT NULL DEFAULT CURRENT_TIMESTAMP COMMENT '创建时间',
  `update_time` datetime NOT NULL DEFAULT CURRENT_TIMESTAMP ON UPDATE CURRENT_TIMESTAMP COMMENT '更新时间',
  `is_delete` tinyint NOT NULL DEFAULT '0' COMMENT '软删除',
  PRIMARY KEY (`id`)
) ENGINE=InnoDB AUTO_INCREMENT=55 DEFAULT CHARSET=utf8mb4 COLLATE=utf8mb4_unicode_ci COMMENT='统一标签表';

-- ----------- 表结构: supplier -----------
DROP TABLE IF EXISTS `supplier`;
CREATE TABLE `supplier` (
  `id` bigint unsigned NOT NULL AUTO_INCREMENT COMMENT '供应商ID',
  `supplier_name` varchar(200) COLLATE utf8mb4_unicode_ci NOT NULL COMMENT '供应商全称',
  `supplier_short_name` varchar(100) COLLATE utf8mb4_unicode_ci DEFAULT NULL COMMENT '供应商简称',
  `supplier_code` varchar(50) COLLATE utf8mb4_unicode_ci DEFAULT NULL COMMENT '供应商编码',
  `supplier_type` varchar(50) COLLATE utf8mb4_unicode_ci DEFAULT NULL COMMENT '供应商类型',
  `contact_person` varchar(100) COLLATE utf8mb4_unicode_ci DEFAULT NULL COMMENT '联系人',
  `contact_phone` varchar(50) COLLATE utf8mb4_unicode_ci DEFAULT NULL COMMENT '电话',
  `contact_email` varchar(100) COLLATE utf8mb4_unicode_ci DEFAULT NULL COMMENT '邮箱',
  `contract_type` varchar(50) COLLATE utf8mb4_unicode_ci DEFAULT NULL COMMENT '合同类型',
  `province` varchar(50) COLLATE utf8mb4_unicode_ci DEFAULT NULL COMMENT '省份',
  `city` varchar(50) COLLATE utf8mb4_unicode_ci DEFAULT NULL COMMENT '城市',
  `district` varchar(50) COLLATE utf8mb4_unicode_ci DEFAULT NULL COMMENT '区县',
  `address` varchar(500) COLLATE utf8mb4_unicode_ci DEFAULT NULL COMMENT '详细地址',
  `license_image` varchar(500) COLLATE utf8mb4_unicode_ci DEFAULT NULL COMMENT '营业执照图片',
  `business_license` varchar(100) COLLATE utf8mb4_unicode_ci DEFAULT NULL COMMENT '营业执照号',
  `tax_rate` decimal(5,2) DEFAULT NULL COMMENT '税率',
  `payment_days` int DEFAULT NULL COMMENT '账期(天)',
  `min_order_amount` decimal(10,2) DEFAULT NULL COMMENT '最小起订金额',
  `shipping_fee` decimal(10,2) DEFAULT NULL COMMENT '运费',
  `cooperation_status` varchar(20) COLLATE utf8mb4_unicode_ci DEFAULT 'potential' COMMENT '合作状态',
  `rating` decimal(5,1) DEFAULT NULL COMMENT '主观评分(百分制)',
  `risk_level` varchar(16) COLLATE utf8mb4_unicode_ci DEFAULT NULL COMMENT '风险等级 low/medium/high',
  `cooperation_project_count` int DEFAULT '0' COMMENT '合作项目数',
  `cooperation_total_amount` decimal(15,2) DEFAULT '0.00' COMMENT '合作总金额',
  `category_tags` varchar(500) COLLATE utf8mb4_unicode_ci DEFAULT NULL COMMENT '做过的品类(标签IDs)',
  `advantage_categories` varchar(500) COLLATE utf8mb4_unicode_ci DEFAULT NULL COMMENT '优势品类',
  `category_ids` varchar(500) COLLATE utf8mb4_unicode_ci DEFAULT NULL COMMENT '合作品类标签IDs',
  `main_products` varchar(500) COLLATE utf8mb4_unicode_ci DEFAULT NULL COMMENT '主要产品',
  `advantage` text COLLATE utf8mb4_unicode_ci COMMENT '优势说明',
  `risk_notes` text COLLATE utf8mb4_unicode_ci COMMENT '风险备注',
  `remark` text COLLATE utf8mb4_unicode_ci COMMENT '备注',
  `case_images` text COLLATE utf8mb4_unicode_ci COMMENT '样品图或案例图(JSON数组)',
  `case_files` text COLLATE utf8mb4_unicode_ci COMMENT '案例文件(JSON数组，PDF路径)',
  `attachments` text COLLATE utf8mb4_unicode_ci COMMENT '附件(JSON数组)',
  `create_user_id` bigint unsigned DEFAULT NULL COMMENT '创建人ID',
  `create_time` datetime NOT NULL DEFAULT CURRENT_TIMESTAMP COMMENT '创建时间',
  `update_time` datetime NOT NULL DEFAULT CURRENT_TIMESTAMP ON UPDATE CURRENT_TIMESTAMP COMMENT '更新时间',
  `is_delete` tinyint NOT NULL DEFAULT '0' COMMENT '软删除',
  PRIMARY KEY (`id`),
  KEY `idx_supplier_name` (`supplier_name`),
  KEY `idx_cooperation_status` (`cooperation_status`)
) ENGINE=InnoDB AUTO_INCREMENT=33 DEFAULT CHARSET=utf8mb4 COLLATE=utf8mb4_unicode_ci COMMENT='供应商信息表';

-- ----------- 表结构: supplier_evaluation -----------
DROP TABLE IF EXISTS `supplier_evaluation`;
CREATE TABLE `supplier_evaluation` (
  `id` bigint unsigned NOT NULL AUTO_INCREMENT COMMENT '评价ID',
  `supplier_id` bigint unsigned NOT NULL COMMENT '供应商ID',
  `project_id` bigint unsigned DEFAULT NULL COMMENT '关联项目ID',
  `quality_rating` tinyint NOT NULL COMMENT '质量评分(1-5)',
  `delivery_rating` tinyint NOT NULL COMMENT '交付评分(1-5)',
  `service_rating` tinyint NOT NULL COMMENT '服务评分(1-5)',
  `price_rating` tinyint NOT NULL COMMENT '价格评分(1-5)',
  `overall_rating` decimal(2,1) NOT NULL COMMENT '综合评分',
  `evaluation_content` text COLLATE utf8mb4_unicode_ci COMMENT '评价内容',
  `pros` text COLLATE utf8mb4_unicode_ci COMMENT '优点',
  `cons` text COLLATE utf8mb4_unicode_ci COMMENT '缺点',
  `images` text COLLATE utf8mb4_unicode_ci COMMENT '评价图片(JSON数组)',
  `evaluator_id` bigint unsigned DEFAULT NULL COMMENT '评价人ID',
  `create_time` datetime NOT NULL DEFAULT CURRENT_TIMESTAMP COMMENT '创建时间',
  `update_time` datetime NOT NULL DEFAULT CURRENT_TIMESTAMP ON UPDATE CURRENT_TIMESTAMP COMMENT '更新时间',
  `is_delete` tinyint NOT NULL DEFAULT '0' COMMENT '软删除',
  PRIMARY KEY (`id`),
  KEY `idx_supplier_id` (`supplier_id`),
  KEY `idx_project_id` (`project_id`)
) ENGINE=InnoDB DEFAULT CHARSET=utf8mb4 COLLATE=utf8mb4_unicode_ci COMMENT='供应商评价表';

-- ----------- 表结构: project -----------
DROP TABLE IF EXISTS `project`;
CREATE TABLE `project` (
  `id` bigint unsigned NOT NULL AUTO_INCREMENT COMMENT '项目ID',
  `project_name` varchar(200) COLLATE utf8mb4_unicode_ci NOT NULL COMMENT '项目名称',
  `project_year` int DEFAULT NULL COMMENT '年份',
  `project_code` varchar(50) COLLATE utf8mb4_unicode_ci DEFAULT NULL COMMENT '项目编码',
  `project_type` varchar(50) COLLATE utf8mb4_unicode_ci DEFAULT NULL COMMENT '项目类型',
  `status` varchar(20) COLLATE utf8mb4_unicode_ci DEFAULT 'draft' COMMENT '状态',
  `priority` tinyint DEFAULT '2' COMMENT '优先级',
  `budget` decimal(15,2) DEFAULT NULL COMMENT '预算',
  `actual_cost` decimal(15,2) DEFAULT NULL COMMENT '实际成本',
  `ip_tag_ids` varchar(500) COLLATE utf8mb4_unicode_ci DEFAULT NULL COMMENT 'IP标签IDs(逗号分隔)',
  `region` varchar(100) COLLATE utf8mb4_unicode_ci DEFAULT NULL COMMENT '区服',
  `category_tag_ids` varchar(500) COLLATE utf8mb4_unicode_ci DEFAULT NULL COMMENT '品类标签IDs',
  `product_name` varchar(200) COLLATE utf8mb4_unicode_ci DEFAULT NULL COMMENT '单品名称',
  `style_count` int DEFAULT NULL COMMENT '款式数量',
  `single_quantity` int DEFAULT NULL COMMENT '单款数量',
  `total_quantity` int DEFAULT NULL COMMENT '总数量',
  `quantity` int DEFAULT NULL COMMENT '采购数量',
  `product_spec` varchar(500) COLLATE utf8mb4_unicode_ci DEFAULT NULL COMMENT '产品规格',
  `product_material` varchar(500) COLLATE utf8mb4_unicode_ci DEFAULT NULL COMMENT '产品材质',
  `product_color` varchar(200) COLLATE utf8mb4_unicode_ci DEFAULT NULL COMMENT '产品颜色',
  `product_size` varchar(200) COLLATE utf8mb4_unicode_ci DEFAULT NULL COMMENT '产品尺寸',
  `product_weight` varchar(100) COLLATE utf8mb4_unicode_ci DEFAULT NULL COMMENT '产品重量',
  `package_spec` varchar(500) COLLATE utf8mb4_unicode_ci DEFAULT NULL COMMENT '包装规格',
  `unit_price` decimal(10,2) DEFAULT NULL COMMENT '单价',
  `total_amount` decimal(15,2) DEFAULT NULL COMMENT '总价',
  `person_days` decimal(10,2) DEFAULT NULL COMMENT '投入人天',
  `supplier_id` bigint unsigned DEFAULT NULL COMMENT '供应商ID',
  `supplier_name` varchar(200) COLLATE utf8mb4_unicode_ci DEFAULT NULL COMMENT '供应商名称（直接存储）',
  `buyer_id` bigint unsigned DEFAULT NULL COMMENT '采购负责人ID',
  `sample_cycle` int DEFAULT NULL COMMENT '打样周期(天)',
  `mass_production_cycle` int DEFAULT NULL COMMENT '大货周期(天)',
  `sample_fee` decimal(10,2) DEFAULT NULL COMMENT '打样费',
  `design_fee` decimal(10,2) DEFAULT NULL COMMENT '设计费',
  `other_fee` decimal(10,2) DEFAULT NULL COMMENT '其他费用',
  `cover_image` varchar(500) COLLATE utf8mb4_unicode_ci DEFAULT NULL COMMENT '封面图片',
  `design_images` text COLLATE utf8mb4_unicode_ci COMMENT '设计图(JSON数组)',
  `product_images` text COLLATE utf8mb4_unicode_ci COMMENT '产品图(JSON数组)',
  `project_start_date` date DEFAULT NULL COMMENT '项目开始时间',
  `project_end_date` date DEFAULT NULL COMMENT '项目结束时间',
  `expected_delivery_date` date DEFAULT NULL COMMENT '期望交付日期',
  `actual_delivery_date` date DEFAULT NULL COMMENT '实际交付日期',
  `project_leader` varchar(100) COLLATE utf8mb4_unicode_ci DEFAULT NULL COMMENT '负责人',
  `quotation_file` varchar(500) COLLATE utf8mb4_unicode_ci DEFAULT NULL COMMENT '报价单文件',
  `file_storage_path` varchar(500) COLLATE utf8mb4_unicode_ci DEFAULT NULL COMMENT '文件存储地址',
  `parent_record` varchar(200) COLLATE utf8mb4_unicode_ci DEFAULT NULL COMMENT '父记录',
  `scene_name` varchar(200) COLLATE utf8mb4_unicode_ci DEFAULT NULL COMMENT '需求种类',
  `man_days` decimal(5,1) DEFAULT NULL COMMENT '投入人天',
  `requester` varchar(100) COLLATE utf8mb4_unicode_ci DEFAULT NULL COMMENT '需求人',
  `requirement_type` varchar(100) COLLATE utf8mb4_unicode_ci DEFAULT NULL COMMENT '需求种类',
  `description` text COLLATE utf8mb4_unicode_ci COMMENT '项目描述',
  `requirement` text COLLATE utf8mb4_unicode_ci COMMENT '需求说明',
  `remark` text COLLATE utf8mb4_unicode_ci COMMENT '备注',
  `file_storage` varchar(500) COLLATE utf8mb4_unicode_ci DEFAULT NULL COMMENT '文件存储地址',
  `approval_status` varchar(20) COLLATE utf8mb4_unicode_ci DEFAULT NULL COMMENT '审批状态',
  `approval_user_id` bigint unsigned DEFAULT NULL COMMENT '审批人ID',
  `approval_time` datetime DEFAULT NULL COMMENT '审批时间',
  `approval_remark` text COLLATE utf8mb4_unicode_ci COMMENT '审批备注',
  `effect_images` text COLLATE utf8mb4_unicode_ci COMMENT '效果图/样品图(JSON数组)',
  `reference_links` text COLLATE utf8mb4_unicode_ci COMMENT '参考链接(JSON数组)',
  `purchase_order_no` varchar(100) COLLATE utf8mb4_unicode_ci DEFAULT NULL COMMENT '关联请购单或合同编号',
  `craft_tag_ids` varchar(500) COLLATE utf8mb4_unicode_ci DEFAULT NULL COMMENT '工艺标签IDs',
  `scene_tag_ids` varchar(500) COLLATE utf8mb4_unicode_ci DEFAULT NULL COMMENT '场景标签IDs',
  `create_user_id` bigint unsigned DEFAULT NULL COMMENT '创建人ID',
  `create_time` datetime NOT NULL DEFAULT CURRENT_TIMESTAMP COMMENT '创建时间',
  `update_time` datetime NOT NULL DEFAULT CURRENT_TIMESTAMP ON UPDATE CURRENT_TIMESTAMP COMMENT '更新时间',
  `is_delete` tinyint NOT NULL DEFAULT '0' COMMENT '软删除',
  PRIMARY KEY (`id`),
  KEY `idx_project_name` (`project_name`),
  KEY `idx_supplier` (`supplier_id`),
  KEY `idx_region` (`region`),
  KEY `idx_create_time` (`create_time`),
  KEY `idx_status` (`status`)
) ENGINE=InnoDB AUTO_INCREMENT=223 DEFAULT CHARSET=utf8mb4 COLLATE=utf8mb4_unicode_ci COMMENT='历史周边记录表';

-- ----------- 表结构: price_record -----------
DROP TABLE IF EXISTS `price_record`;
CREATE TABLE `price_record` (
  `id` bigint unsigned NOT NULL AUTO_INCREMENT COMMENT '记录ID',
  `product_name` varchar(200) COLLATE utf8mb4_unicode_ci NOT NULL COMMENT '单品',
  `category` varchar(100) COLLATE utf8mb4_unicode_ci DEFAULT NULL COMMENT '品类',
  `supplier_name` varchar(200) COLLATE utf8mb4_unicode_ci DEFAULT NULL COMMENT '供应商',
  `ip` varchar(100) COLLATE utf8mb4_unicode_ci DEFAULT NULL COMMENT 'IP',
  `image` varchar(500) COLLATE utf8mb4_unicode_ci DEFAULT NULL COMMENT '图片',
  `project_name` varchar(200) COLLATE utf8mb4_unicode_ci DEFAULT NULL COMMENT '项目',
  `sample_days` int DEFAULT NULL COMMENT '打样（天）',
  `mass_production_days` int DEFAULT NULL COMMENT '大货（天）',
  `style_count` int DEFAULT NULL COMMENT '款式',
  `single_quantity` int DEFAULT NULL COMMENT '单款数量',
  `design_fee` decimal(10,2) DEFAULT NULL COMMENT '设计费',
  `sample_fee` decimal(10,2) DEFAULT NULL COMMENT '打样费',
  `unit_price` decimal(10,2) DEFAULT NULL COMMENT '单价',
  `total_quantity` int DEFAULT NULL COMMENT '总数量',
  `other_fee` decimal(10,2) DEFAULT NULL COMMENT '其他费用',
  `total_price` decimal(15,2) DEFAULT NULL COMMENT '总价',
  `production_info` text COLLATE utf8mb4_unicode_ci COMMENT '生产信息',
  `remark1` text COLLATE utf8mb4_unicode_ci COMMENT '备注1',
  `remark2` text COLLATE utf8mb4_unicode_ci COMMENT '备注2',
  `create_user_id` bigint unsigned DEFAULT NULL COMMENT '创建人ID',
  `create_time` datetime NOT NULL DEFAULT CURRENT_TIMESTAMP COMMENT '创建时间',
  `update_time` datetime NOT NULL DEFAULT CURRENT_TIMESTAMP ON UPDATE CURRENT_TIMESTAMP COMMENT '更新时间',
  `is_delete` tinyint NOT NULL DEFAULT '0' COMMENT '软删除',
  PRIMARY KEY (`id`),
  KEY `idx_product_name` (`product_name`),
  KEY `idx_category` (`category`),
  KEY `idx_ip` (`ip`),
  KEY `idx_supplier_name` (`supplier_name`),
  KEY `idx_create_time` (`create_time`)
) ENGINE=InnoDB AUTO_INCREMENT=115 DEFAULT CHARSET=utf8mb4 COLLATE=utf8mb4_unicode_ci COMMENT='周边价格登记表';

-- ----------- 表结构: inspiration -----------
DROP TABLE IF EXISTS `inspiration`;
CREATE TABLE `inspiration` (
  `id` bigint unsigned NOT NULL AUTO_INCREMENT COMMENT '灵感ID',
  `title` varchar(200) COLLATE utf8mb4_unicode_ci NOT NULL COMMENT '标题',
  `source_platform` varchar(50) COLLATE utf8mb4_unicode_ci NOT NULL COMMENT '来源平台: 小红书, 淘宝, 1688, 站酷, 微博',
  `inspiration_type` varchar(20) COLLATE utf8mb4_unicode_ci DEFAULT 'product' COMMENT '灵感类型: product=周边制品, craft=工艺',
  `source_type` varchar(50) COLLATE utf8mb4_unicode_ci DEFAULT NULL COMMENT '来源类型',
  `source_name` varchar(200) COLLATE utf8mb4_unicode_ci DEFAULT NULL COMMENT '来源名称',
  `link` varchar(1000) COLLATE utf8mb4_unicode_ci NOT NULL COMMENT '链接',
  `source_url` varchar(1000) COLLATE utf8mb4_unicode_ci DEFAULT NULL COMMENT '来源URL',
  `author` varchar(100) COLLATE utf8mb4_unicode_ci DEFAULT NULL COMMENT '作者/博主',
  `author_url` varchar(500) COLLATE utf8mb4_unicode_ci DEFAULT NULL COMMENT '作者链接',
  `screenshot` varchar(500) COLLATE utf8mb4_unicode_ci DEFAULT NULL COMMENT '截图',
  `cover_image` varchar(500) COLLATE utf8mb4_unicode_ci DEFAULT NULL COMMENT '封面图片',
  `images` text COLLATE utf8mb4_unicode_ci COMMENT '图片集(JSON数组)',
  `video_url` varchar(500) COLLATE utf8mb4_unicode_ci DEFAULT NULL COMMENT '视频链接',
  `thumbnail` varchar(500) COLLATE utf8mb4_unicode_ci DEFAULT NULL COMMENT '缩略图',
  `category_tag_ids` varchar(500) COLLATE utf8mb4_unicode_ci DEFAULT NULL COMMENT '品类标签IDs',
  `craft_tag_ids` varchar(500) COLLATE utf8mb4_unicode_ci DEFAULT NULL COMMENT '工艺标签IDs',
  `ip_tag_ids` varchar(500) COLLATE utf8mb4_unicode_ci DEFAULT NULL COMMENT '适用IP标签IDs',
  `scene_tag_ids` varchar(500) COLLATE utf8mb4_unicode_ci DEFAULT NULL COMMENT '适用场景标签IDs',
  `application_scenario` varchar(500) COLLATE utf8mb4_unicode_ci DEFAULT NULL COMMENT '适用场景',
  `reference_value` text COLLATE utf8mb4_unicode_ci COMMENT '参考价值说明',
  `description` text COLLATE utf8mb4_unicode_ci COMMENT '描述',
  `content_summary` text COLLATE utf8mb4_unicode_ci COMMENT '内容摘要',
  `notes` text COLLATE utf8mb4_unicode_ci COMMENT '备注笔记',
  `collect_time` datetime DEFAULT NULL COMMENT '收藏时间',
  `collector` varchar(100) COLLATE utf8mb4_unicode_ci DEFAULT NULL COMMENT '收集人',
  `collection_status` varchar(20) COLLATE utf8mb4_unicode_ci DEFAULT 'uncollected' COMMENT '状态',
  `folder_id` bigint unsigned DEFAULT NULL COMMENT '收藏夹ID',
  `is_featured` tinyint DEFAULT '0' COMMENT '是否精选',
  `is_pinned` tinyint DEFAULT '0' COMMENT '是否置顶',
  `like_count` int DEFAULT '0' COMMENT '点赞数',
  `collect_count` int DEFAULT '0' COMMENT '收藏数',
  `save_count` int DEFAULT '0' COMMENT '保存数',
  `comment_count` int DEFAULT '0' COMMENT '评论数',
  `view_count` int DEFAULT '0' COMMENT '浏览数',
  `is_adopted` tinyint DEFAULT '0' COMMENT '是否已被采用: 0-否, 1-是',
  `application_result` text COLLATE utf8mb4_unicode_ci COMMENT '应用结果',
  `application_date` date DEFAULT NULL COMMENT '应用日期',
  `is_sensitive` tinyint DEFAULT '0' COMMENT '是否敏感内容',
  `sensitive_reason` varchar(500) COLLATE utf8mb4_unicode_ci DEFAULT NULL COMMENT '敏感原因',
  `related_project_ids` varchar(500) COLLATE utf8mb4_unicode_ci DEFAULT NULL COMMENT '关联内部项目IDs',
  `create_user_id` bigint unsigned DEFAULT NULL COMMENT '创建人ID',
  `create_time` datetime NOT NULL DEFAULT CURRENT_TIMESTAMP COMMENT '创建时间',
  `update_time` datetime NOT NULL DEFAULT CURRENT_TIMESTAMP ON UPDATE CURRENT_TIMESTAMP COMMENT '更新时间',
  `is_delete` tinyint NOT NULL DEFAULT '0' COMMENT '软删除',
  PRIMARY KEY (`id`),
  KEY `idx_title` (`title`),
  KEY `idx_source_platform` (`source_platform`),
  KEY `idx_collect_time` (`collect_time`),
  KEY `idx_is_adopted` (`is_adopted`),
  KEY `idx_source_type` (`source_type`),
  KEY `idx_folder_id` (`folder_id`),
  KEY `idx_collection_status` (`collection_status`)
) ENGINE=InnoDB AUTO_INCREMENT=17 DEFAULT CHARSET=utf8mb4 COLLATE=utf8mb4_unicode_ci COMMENT='外部灵感链接表';

-- ----------- 表结构: inspiration_folder -----------
DROP TABLE IF EXISTS `inspiration_folder`;
CREATE TABLE `inspiration_folder` (
  `id` bigint unsigned NOT NULL AUTO_INCREMENT COMMENT '收藏夹ID',
  `folder_name` varchar(100) COLLATE utf8mb4_unicode_ci NOT NULL COMMENT '收藏夹名称',
  `folder_type` varchar(20) COLLATE utf8mb4_unicode_ci DEFAULT 'personal' COMMENT '类型: personal/shared/system',
  `parent_id` bigint unsigned NOT NULL DEFAULT '0' COMMENT '父级收藏夹ID',
  `description` varchar(500) COLLATE utf8mb4_unicode_ci DEFAULT NULL COMMENT '描述',
  `sort` int NOT NULL DEFAULT '0' COMMENT '排序',
  `is_public` tinyint DEFAULT '0' COMMENT '是否公开: 0-私有, 1-公开',
  `create_user_id` bigint unsigned DEFAULT NULL COMMENT '创建人ID',
  `create_time` datetime NOT NULL DEFAULT CURRENT_TIMESTAMP COMMENT '创建时间',
  `update_time` datetime NOT NULL DEFAULT CURRENT_TIMESTAMP ON UPDATE CURRENT_TIMESTAMP COMMENT '更新时间',
  `is_delete` tinyint NOT NULL DEFAULT '0' COMMENT '软删除',
  PRIMARY KEY (`id`),
  KEY `idx_create_user_id` (`create_user_id`)
) ENGINE=InnoDB DEFAULT CHARSET=utf8mb4 COLLATE=utf8mb4_unicode_ci COMMENT='灵感收藏夹表';

-- ----------- 表结构: category -----------
DROP TABLE IF EXISTS `category`;
CREATE TABLE `category` (
  `id` bigint unsigned NOT NULL AUTO_INCREMENT COMMENT '品类ID',
  `category_name` varchar(100) COLLATE utf8mb4_unicode_ci NOT NULL COMMENT '品类名称',
  `category_code` varchar(100) COLLATE utf8mb4_unicode_ci DEFAULT NULL COMMENT '品类编码',
  `description` text COLLATE utf8mb4_unicode_ci COMMENT '品类基础说明',
  `common_sizes` varchar(500) COLLATE utf8mb4_unicode_ci DEFAULT NULL COMMENT '常见尺寸',
  `common_materials` varchar(500) COLLATE utf8mb4_unicode_ci DEFAULT NULL COMMENT '常见材质',
  `common_crafts` varchar(500) COLLATE utf8mb4_unicode_ci DEFAULT NULL COMMENT '常见工艺',
  `price_range` varchar(100) COLLATE utf8mb4_unicode_ci DEFAULT NULL COMMENT '常见单价区间',
  `risk_points` text COLLATE utf8mb4_unicode_ci COMMENT '常见风险点',
  `purchase_notes` text COLLATE utf8mb4_unicode_ci COMMENT '采购注意事项',
  `cover_image` varchar(500) COLLATE utf8mb4_unicode_ci DEFAULT NULL COMMENT '封面图片',
  `create_time` datetime NOT NULL DEFAULT CURRENT_TIMESTAMP COMMENT '创建时间',
  `update_time` datetime NOT NULL DEFAULT CURRENT_TIMESTAMP ON UPDATE CURRENT_TIMESTAMP COMMENT '更新时间',
  `is_delete` tinyint NOT NULL DEFAULT '0' COMMENT '软删除',
  PRIMARY KEY (`id`),
  UNIQUE KEY `uk_category_code` (`category_code`)
) ENGINE=InnoDB AUTO_INCREMENT=10 DEFAULT CHARSET=utf8mb4 COLLATE=utf8mb4_unicode_ci COMMENT='品类详情表';

-- ----------- 表结构: design_note -----------
DROP TABLE IF EXISTS `design_note`;
CREATE TABLE `design_note` (
  `id` bigint unsigned NOT NULL AUTO_INCREMENT COMMENT '记录ID',
  `title` varchar(200) COLLATE utf8mb4_unicode_ci NOT NULL COMMENT '标题',
  `content` text COLLATE utf8mb4_unicode_ci COMMENT '内容',
  `note_type` varchar(50) COLLATE utf8mb4_unicode_ci DEFAULT NULL COMMENT '类型: production=生产注意, design=设计注意',
  `category` varchar(100) COLLATE utf8mb4_unicode_ci DEFAULT NULL COMMENT '关联品类',
  `craft` varchar(100) COLLATE utf8mb4_unicode_ci DEFAULT NULL COMMENT '关联工艺',
  `ip` varchar(100) COLLATE utf8mb4_unicode_ci DEFAULT NULL COMMENT '关联IP',
  `images` text COLLATE utf8mb4_unicode_ci COMMENT '图片(JSON数组)',
  `attachments` text COLLATE utf8mb4_unicode_ci COMMENT '附件(JSON数组)',
  `remark` text COLLATE utf8mb4_unicode_ci COMMENT '备注',
  `create_user_id` bigint unsigned DEFAULT NULL COMMENT '创建人ID',
  `create_time` datetime NOT NULL DEFAULT CURRENT_TIMESTAMP COMMENT '创建时间',
  `update_time` datetime NOT NULL DEFAULT CURRENT_TIMESTAMP ON UPDATE CURRENT_TIMESTAMP COMMENT '更新时间',
  `is_delete` tinyint NOT NULL DEFAULT '0' COMMENT '软删除',
  PRIMARY KEY (`id`),
  KEY `idx_title` (`title`),
  KEY `idx_note_type` (`note_type`),
  KEY `idx_create_time` (`create_time`)
) ENGINE=InnoDB DEFAULT CHARSET=utf8mb4 COLLATE=utf8mb4_unicode_ci COMMENT='生产/设计注意事项表';

-- ----------- 表结构: log -----------
DROP TABLE IF EXISTS `log`;
CREATE TABLE `log` (
  `id` bigint unsigned NOT NULL AUTO_INCREMENT COMMENT '日志ID',
  `user_id` bigint unsigned DEFAULT NULL COMMENT '操作用户ID',
  `username` varchar(50) COLLATE utf8mb4_unicode_ci DEFAULT NULL COMMENT '用户名',
  `operation` varchar(100) COLLATE utf8mb4_unicode_ci NOT NULL COMMENT '操作类型',
  `module` varchar(50) COLLATE utf8mb4_unicode_ci DEFAULT NULL COMMENT '操作模块',
  `method` varchar(100) COLLATE utf8mb4_unicode_ci DEFAULT NULL COMMENT '请求方法',
  `url` varchar(500) COLLATE utf8mb4_unicode_ci DEFAULT NULL COMMENT '请求URL',
  `ip` varchar(50) COLLATE utf8mb4_unicode_ci DEFAULT NULL COMMENT 'IP地址',
  `user_agent` varchar(500) COLLATE utf8mb4_unicode_ci DEFAULT NULL COMMENT 'User-Agent',
  `params` text COLLATE utf8mb4_unicode_ci COMMENT '请求参数',
  `result` text COLLATE utf8mb4_unicode_ci COMMENT '返回结果',
  `status` tinyint DEFAULT '1' COMMENT '状态: 0-失败, 1-成功',
  `error_msg` text COLLATE utf8mb4_unicode_ci COMMENT '错误信息',
  `create_time` datetime NOT NULL DEFAULT CURRENT_TIMESTAMP COMMENT '创建时间',
  PRIMARY KEY (`id`),
  KEY `idx_user_id` (`user_id`),
  KEY `idx_module` (`module`),
  KEY `idx_create_time` (`create_time`)
) ENGINE=InnoDB DEFAULT CHARSET=utf8mb4 COLLATE=utf8mb4_unicode_ci COMMENT='操作日志表';

-- =============================================================
-- 种子数据
-- =============================================================

-- sys_role (4 行)
INSERT INTO `sys_role` (`id`, `role_name`, `role_code`, `description`, `sort`, `create_time`, `update_time`, `is_delete`) VALUES
(1, '普通用户', 'viewer', '普通查看权限：查看历史项目、价格库、外部灵感、搜索筛选', 1, '2026-06-04 09:41:56', '2026-06-04 09:41:56', 0),
(2, '编辑用户', 'editor', '编辑权限：新增外部链接、编辑标签、上传截图、补充参考说明', 2, '2026-06-04 09:41:56', '2026-06-04 09:41:56', 0),
(3, '管理员', 'admin', '管理员权限：删除数据、修改供应商信息、修改价格记录、批量导入、管理标签体系', 3, '2026-06-04 09:41:56', '2026-06-04 09:41:56', 0),
(4, '超级管理员', 'super_admin', '超级管理员全部权限', 4, '2026-06-05 02:41:49', '2026-06-05 02:41:49', 0);

-- sys_permission (34 行)
INSERT INTO `sys_permission` (`id`, `parent_id`, `permission_name`, `permission_code`, `permission_type`, `icon`, `path`, `sort`, `status`, `create_time`, `update_time`, `is_delete`) VALUES
(1, 0, '首页', 'home', 'menu', NULL, '/home', 1, 1, '2026-06-04 09:41:56', '2026-06-04 09:41:56', 0),
(2, 0, '历史周边记录库', 'project', 'menu', NULL, '/projects', 2, 1, '2026-06-04 09:41:56', '2026-06-04 09:41:56', 0),
(3, 0, '历史价格查询', 'price', 'menu', NULL, '/price-query', 3, 1, '2026-06-04 09:41:56', '2026-06-04 09:41:56', 0),
(4, 0, '外部灵感链接库', 'inspiration', 'menu', NULL, '/inspiration', 4, 1, '2026-06-04 09:41:56', '2026-06-04 09:41:56', 0),
(5, 0, '供应商库', 'supplier', 'menu', NULL, '/suppliers', 5, 1, '2026-06-04 09:41:56', '2026-06-04 09:41:56', 0),
(6, 0, '品类详情', 'category', 'menu', NULL, '/category', 6, 1, '2026-06-04 09:41:56', '2026-06-04 09:41:56', 0),
(7, 0, '批量导入', 'import', 'menu', NULL, '/import', 7, 1, '2026-06-04 09:41:56', '2026-06-04 09:41:56', 0),
(8, 0, '系统管理', 'system', 'menu', NULL, '/system', 8, 1, '2026-06-04 09:41:56', '2026-06-04 09:41:56', 0),
(9, 2, '项目查看', 'project:view', 'button', NULL, '/projects', 1, 1, '2026-06-04 09:41:56', '2026-06-05 02:40:04', 0),
(10, 2, '项目搜索', 'project:search', 'button', NULL, '/projects', 2, 1, '2026-06-04 09:41:56', '2026-06-05 02:40:04', 0),
(11, 2, '项目新增', 'project:create', 'button', NULL, '/projects', 3, 1, '2026-06-04 09:41:56', '2026-06-05 02:40:04', 0),
(12, 2, '项目编辑', 'project:edit', 'button', NULL, '/projects', 4, 1, '2026-06-04 09:41:56', '2026-06-05 02:40:04', 0),
(13, 2, '项目删除', 'project:delete', 'button', NULL, '/projects', 5, 1, '2026-06-04 09:41:56', '2026-06-05 02:40:04', 0),
(14, 2, '项目导入', 'project:import', 'button', NULL, '/projects', 6, 1, '2026-06-04 09:41:56', '2026-06-05 02:40:04', 0),
(15, 2, '项目导出', 'project:export', 'button', NULL, '/projects', 7, 1, '2026-06-04 09:41:56', '2026-06-05 02:40:04', 0),
(16, 3, '价格查看', 'price:view', 'button', NULL, '/price-query', 1, 1, '2026-06-04 09:41:56', '2026-06-05 02:40:04', 0),
(17, 3, '价格搜索', 'price:search', 'button', NULL, '/price-query', 2, 1, '2026-06-04 09:41:56', '2026-06-05 02:40:04', 0),
(18, 4, '灵感查看', 'inspiration:view', 'button', NULL, '/inspiration', 1, 1, '2026-06-04 09:41:56', '2026-06-05 02:40:04', 0),
(19, 4, '灵感搜索', 'inspiration:search', 'button', NULL, '/inspiration', 2, 1, '2026-06-04 09:41:56', '2026-06-05 02:40:04', 0),
(20, 4, '灵感新增', 'inspiration:create', 'button', NULL, '/inspiration', 3, 1, '2026-06-04 09:41:56', '2026-06-05 02:40:04', 0),
(21, 4, '灵感编辑', 'inspiration:edit', 'button', NULL, '/inspiration', 4, 1, '2026-06-04 09:41:56', '2026-06-05 02:40:04', 0),
(22, 4, '灵感删除', 'inspiration:delete', 'button', NULL, '/inspiration', 5, 1, '2026-06-04 09:41:56', '2026-06-05 02:40:04', 0),
(23, 4, '灵感上传', 'inspiration:upload', 'button', NULL, '/inspiration', 6, 1, '2026-06-04 09:41:56', '2026-06-05 02:40:04', 0),
(24, 5, '供应商查看', 'supplier:view', 'button', NULL, '/suppliers', 1, 1, '2026-06-04 09:41:56', '2026-06-05 02:40:04', 0),
(25, 5, '供应商搜索', 'supplier:search', 'button', NULL, '/suppliers', 2, 1, '2026-06-04 09:41:56', '2026-06-05 02:40:04', 0),
(26, 5, '供应商详情', 'supplier:detail', 'button', NULL, '/suppliers', 3, 1, '2026-06-04 09:41:56', '2026-06-05 02:40:04', 0),
(27, 5, '供应商新增', 'supplier:create', 'button', NULL, '/suppliers', 4, 1, '2026-06-04 09:41:56', '2026-06-05 02:40:04', 0),
(28, 5, '供应商编辑', 'supplier:edit', 'button', NULL, '/suppliers', 5, 1, '2026-06-04 09:41:56', '2026-06-05 02:40:04', 0),
(29, 5, '供应商删除', 'supplier:delete', 'button', NULL, '/suppliers', 6, 1, '2026-06-04 09:41:56', '2026-06-05 02:40:04', 0),
(30, 8, '标签查看', 'tag:view', 'button', NULL, '/system/tags', 1, 1, '2026-06-04 09:41:56', '2026-06-05 02:40:04', 0),
(31, 8, '标签新增', 'tag:create', 'button', NULL, '/system/tags', 2, 1, '2026-06-04 09:41:56', '2026-06-05 02:40:04', 0),
(32, 8, '标签编辑', 'tag:edit', 'button', NULL, '/system/tags', 3, 1, '2026-06-04 09:41:56', '2026-06-05 02:40:04', 0),
(33, 8, '标签删除', 'tag:delete', 'button', NULL, '/system/tags', 4, 1, '2026-06-04 09:41:56', '2026-06-05 02:40:04', 0),
(34, 8, '用户管理', 'system:user', 'button', NULL, '/system', 1, 1, '2026-06-04 09:41:56', '2026-06-05 02:40:04', 0);

-- sys_role_permission (106 行)
INSERT INTO `sys_role_permission` (`id`, `role_id`, `permission_id`, `create_time`) VALUES
(1, 3, 6, '2026-06-05 03:56:54'),
(2, 3, 1, '2026-06-05 03:56:54'),
(3, 3, 7, '2026-06-05 03:56:54'),
(4, 3, 4, '2026-06-05 03:56:54'),
(5, 3, 20, '2026-06-05 03:56:54'),
(6, 3, 22, '2026-06-05 03:56:54'),
(7, 3, 21, '2026-06-05 03:56:54'),
(8, 3, 19, '2026-06-05 03:56:54'),
(9, 3, 23, '2026-06-05 03:56:54'),
(10, 3, 18, '2026-06-05 03:56:54'),
(11, 3, 3, '2026-06-05 03:56:54'),
(12, 3, 17, '2026-06-05 03:56:54'),
(13, 3, 16, '2026-06-05 03:56:54'),
(14, 3, 2, '2026-06-05 03:56:54'),
(15, 3, 11, '2026-06-05 03:56:54'),
(16, 3, 13, '2026-06-05 03:56:54'),
(17, 3, 12, '2026-06-05 03:56:54'),
(18, 3, 15, '2026-06-05 03:56:54'),
(19, 3, 14, '2026-06-05 03:56:54'),
(20, 3, 10, '2026-06-05 03:56:54'),
(21, 3, 9, '2026-06-05 03:56:54'),
(22, 3, 5, '2026-06-05 03:56:54'),
(23, 3, 27, '2026-06-05 03:56:54'),
(24, 3, 29, '2026-06-05 03:56:54'),
(25, 3, 26, '2026-06-05 03:56:54'),
(26, 3, 28, '2026-06-05 03:56:54'),
(27, 3, 25, '2026-06-05 03:56:54'),
(28, 3, 24, '2026-06-05 03:56:54'),
(29, 3, 8, '2026-06-05 03:56:54'),
(30, 3, 34, '2026-06-05 03:56:54'),
(31, 3, 31, '2026-06-05 03:56:54'),
(32, 3, 33, '2026-06-05 03:56:54'),
(33, 3, 32, '2026-06-05 03:56:54'),
(34, 3, 30, '2026-06-05 03:56:54'),
(64, 2, 6, '2026-06-05 03:56:54'),
(65, 2, 1, '2026-06-05 03:56:54'),
(66, 2, 4, '2026-06-05 03:56:54'),
(67, 2, 20, '2026-06-05 03:56:54'),
(68, 2, 21, '2026-06-05 03:56:54'),
(69, 2, 19, '2026-06-05 03:56:54'),
(70, 2, 23, '2026-06-05 03:56:54'),
(71, 2, 18, '2026-06-05 03:56:54'),
(72, 2, 3, '2026-06-05 03:56:54'),
(73, 2, 17, '2026-06-05 03:56:54'),
(74, 2, 16, '2026-06-05 03:56:54'),
(75, 2, 2, '2026-06-05 03:56:54'),
(76, 2, 11, '2026-06-05 03:56:54'),
(77, 2, 12, '2026-06-05 03:56:54'),
(78, 2, 10, '2026-06-05 03:56:54'),
(79, 2, 9, '2026-06-05 03:56:54'),
(80, 2, 5, '2026-06-05 03:56:54'),
(81, 2, 26, '2026-06-05 03:56:54'),
(82, 2, 25, '2026-06-05 03:56:54'),
(83, 2, 24, '2026-06-05 03:56:54'),
(84, 2, 31, '2026-06-05 03:56:54'),
(85, 2, 32, '2026-06-05 03:56:54'),
(86, 2, 30, '2026-06-05 03:56:54'),
(95, 1, 6, '2026-06-05 03:56:54'),
(96, 1, 1, '2026-06-05 03:56:54'),
(97, 1, 4, '2026-06-05 03:56:54'),
(98, 1, 19, '2026-06-05 03:56:54'),
(99, 1, 18, '2026-06-05 03:56:54'),
(100, 1, 3, '2026-06-05 03:56:54'),
(101, 1, 17, '2026-06-05 03:56:54'),
(102, 1, 16, '2026-06-05 03:56:54'),
(103, 1, 2, '2026-06-05 03:56:54'),
(104, 1, 10, '2026-06-05 03:56:54'),
(105, 1, 9, '2026-06-05 03:56:54'),
(106, 1, 5, '2026-06-05 03:56:54'),
(107, 1, 26, '2026-06-05 03:56:54'),
(108, 1, 25, '2026-06-05 03:56:54'),
(109, 1, 24, '2026-06-05 03:56:54'),
(110, 4, 6, '2026-06-05 03:56:54'),
(111, 4, 1, '2026-06-05 03:56:54'),
(112, 4, 7, '2026-06-05 03:56:54'),
(113, 4, 4, '2026-06-05 03:56:54'),
(114, 4, 20, '2026-06-05 03:56:54'),
(115, 4, 22, '2026-06-05 03:56:54'),
(116, 4, 21, '2026-06-05 03:56:54'),
(117, 4, 19, '2026-06-05 03:56:54'),
(118, 4, 23, '2026-06-05 03:56:54'),
(119, 4, 18, '2026-06-05 03:56:54'),
(120, 4, 3, '2026-06-05 03:56:54'),
(121, 4, 17, '2026-06-05 03:56:54'),
(122, 4, 16, '2026-06-05 03:56:54'),
(123, 4, 2, '2026-06-05 03:56:54'),
(124, 4, 11, '2026-06-05 03:56:54'),
(125, 4, 13, '2026-06-05 03:56:54'),
(126, 4, 12, '2026-06-05 03:56:54'),
(127, 4, 15, '2026-06-05 03:56:54'),
(128, 4, 14, '2026-06-05 03:56:54'),
(129, 4, 10, '2026-06-05 03:56:54'),
(130, 4, 9, '2026-06-05 03:56:54'),
(131, 4, 5, '2026-06-05 03:56:54'),
(132, 4, 27, '2026-06-05 03:56:54'),
(133, 4, 29, '2026-06-05 03:56:54'),
(134, 4, 26, '2026-06-05 03:56:54'),
(135, 4, 28, '2026-06-05 03:56:54'),
(136, 4, 25, '2026-06-05 03:56:54'),
(137, 4, 24, '2026-06-05 03:56:54'),
(138, 4, 8, '2026-06-05 03:56:54'),
(139, 4, 34, '2026-06-05 03:56:54'),
(140, 4, 31, '2026-06-05 03:56:54'),
(141, 4, 33, '2026-06-05 03:56:54'),
(142, 4, 32, '2026-06-05 03:56:54'),
(143, 4, 30, '2026-06-05 03:56:54');

-- sys_user (3 行)
INSERT INTO `sys_user` (`id`, `username`, `password`, `nickname`, `real_name`, `email`, `phone`, `avatar`, `department`, `position`, `status`, `last_login_time`, `last_login_ip`, `create_time`, `update_time`, `is_delete`) VALUES
(1, 'admin', '$2b$10$aH6SHcPy1MHXiMPWcILNy.VI.9Q.IJsiBLFKcmoIynfhUjaUvMBTi', '管理员', '系统管理员', NULL, NULL, NULL, NULL, NULL, 1, '2026-06-22 06:34:26', '::1', '2026-06-04 09:41:56', '2026-06-22 06:34:26', 0),
(2, 'viewer', '$2b$10$TzAkMe3xPRYzK8iOBt0ldO5/9vr8FPoGrvMJEtnzqmkwpQ5XGEt/.', '查看者', '普通查看用户', NULL, NULL, NULL, NULL, NULL, 1, '2026-06-08 09:30:42', '::1', '2026-06-05 03:57:28', '2026-06-08 09:30:41', 0),
(3, 'editor', '$2b$10$TzAkMe3xPRYzK8iOBt0ldO5/9vr8FPoGrvMJEtnzqmkwpQ5XGEt/.', '编辑者', '编辑用户', NULL, NULL, NULL, NULL, NULL, 1, '2026-06-05 04:03:48', '::1', '2026-06-05 03:57:28', '2026-06-05 04:03:48', 0);

-- sys_user_role (3 行)
INSERT INTO `sys_user_role` (`id`, `user_id`, `role_id`, `create_time`) VALUES
(1, 1, 3, '2026-06-04 09:41:56'),
(2, 2, 1, '2026-06-05 03:57:28'),
(3, 3, 2, '2026-06-05 03:57:28');

-- tag (54 行)
INSERT INTO `tag` (`id`, `tag_name`, `tag_code`, `tag_type`, `parent_id`, `level`, `color`, `icon`, `sort`, `status`, `create_time`, `update_time`, `is_delete`) VALUES
(1, '恋与深空', 'ip_lovesky', 'ip', 0, 1, '#7c3aed', NULL, 1, 1, '2026-06-04 09:41:56', '2026-06-04 09:41:56', 0),
(2, '闪耀暖暖', 'ip_shine', 'ip', 0, 1, '#ec4899', NULL, 2, 1, '2026-06-04 09:41:56', '2026-06-04 09:41:56', 0),
(3, '无限暖暖', 'ip_infinite', 'ip', 0, 1, '#06b6d4', NULL, 3, 1, '2026-06-04 09:41:56', '2026-06-04 09:41:56', 0),
(4, '恋与制作人', 'ip_producer', 'ip', 0, 1, '#f97316', NULL, 4, 1, '2026-06-04 09:41:56', '2026-06-04 09:41:56', 0),
(5, '无期迷途', 'ip_uuid', 'ip', 0, 1, '#84cc16', NULL, 5, 1, '2026-06-04 09:41:56', '2026-06-04 09:41:56', 0),
(6, '自有IP', 'ip_self', 'ip', 0, 1, '#9b59b6', NULL, 98, 1, '2026-06-04 09:41:56', '2026-06-04 09:41:56', 0),
(7, '无IP', 'ip_none', 'ip', 0, 1, '#95a5a6', NULL, 99, 1, '2026-06-04 09:41:56', '2026-06-04 09:41:56', 0),
(8, '纸制品', 'cat_paper', 'category', 0, 1, '#fef3c7', NULL, 1, 1, '2026-06-04 09:41:56', '2026-06-04 09:41:56', 0),
(9, '亚克力制品', 'cat_acrylic', 'category', 0, 1, '#a5f3fc', NULL, 2, 1, '2026-06-04 09:41:56', '2026-06-04 09:41:56', 0),
(10, 'PVC制品', 'cat_pvc', 'category', 0, 1, '#c4b5fd', NULL, 3, 1, '2026-06-04 09:41:56', '2026-06-04 09:41:56', 0),
(11, '金属制品', 'cat_metal', 'category', 0, 1, '#d1d5db', NULL, 4, 1, '2026-06-04 09:41:56', '2026-06-04 09:41:56', 0),
(12, '马口铁徽章', 'cat_tin_badge', 'category', 0, 1, '#fbbf24', NULL, 5, 1, '2026-06-04 09:41:56', '2026-06-04 09:41:56', 0),
(13, '毛绒制品', 'cat_plush', 'category', 0, 1, '#f9a8d4', NULL, 6, 1, '2026-06-04 09:41:56', '2026-06-04 09:41:56', 0),
(14, '日用品', 'cat_daily', 'category', 0, 1, '#6ee7b7', NULL, 7, 1, '2026-06-04 09:41:56', '2026-06-04 09:41:56', 0),
(15, '包装类', 'cat_package', 'category', 0, 1, '#fca5a5', NULL, 8, 1, '2026-06-04 09:41:56', '2026-06-04 09:41:56', 0),
(16, '线下活动物料', 'cat_event', 'category', 0, 1, '#93c5fd', NULL, 9, 1, '2026-06-04 09:41:56', '2026-06-04 09:41:56', 0),
(17, '明信片', 'cat_postcard', 'category', 0, 1, '#fef3c7', NULL, 101, 1, '2026-06-04 09:41:56', '2026-06-04 09:41:56', 0),
(18, '镭射票', 'cat_laser_ticket', 'category', 0, 1, '#e0e7ff', NULL, 102, 1, '2026-06-04 09:41:56', '2026-06-04 09:41:56', 0),
(19, '文件夹', 'cat_folder', 'category', 0, 1, '#dbeafe', NULL, 103, 1, '2026-06-04 09:41:56', '2026-06-04 09:41:56', 0),
(20, '亚克力立牌', 'cat_acrylic_stand', 'category', 0, 1, '#bfdbfe', NULL, 201, 1, '2026-06-04 09:41:56', '2026-06-04 09:41:56', 0),
(21, '拍立得', 'cat_instax', 'category', 0, 1, '#fed7e2', NULL, 204, 1, '2026-06-04 09:41:56', '2026-06-04 09:41:56', 0),
(22, '吧唧', 'cat_badge_round', 'category', 0, 1, '#fef3c7', NULL, 501, 1, '2026-06-04 09:41:56', '2026-06-04 09:41:56', 0),
(23, '纸袋', 'cat_paper_bag', 'category', 0, 1, '#fef9c3', NULL, 801, 1, '2026-06-04 09:41:56', '2026-06-04 09:41:56', 0),
(24, '贴纸', 'cat_sticker', 'category', 0, 1, '#d1fae5', NULL, 802, 1, '2026-06-04 09:41:56', '2026-06-04 09:41:56', 0),
(25, '集章手册', 'cat_stamp_book', 'category', 0, 1, '#fee2e2', NULL, 803, 1, '2026-06-04 09:41:56', '2026-06-04 09:41:56', 0),
(26, '镭射', 'craft_laser', 'craft', 0, 1, '#c084fc', NULL, 1, 1, '2026-06-04 09:41:56', '2026-06-04 09:41:56', 0),
(27, '珠光', 'craft_pearl', 'craft', 0, 1, '#f0abfc', NULL, 2, 1, '2026-06-04 09:41:56', '2026-06-04 09:41:56', 0),
(28, '烫金', 'craft_hot_stamp', 'craft', 0, 1, '#fbbf24', NULL, 3, 1, '2026-06-04 09:41:56', '2026-06-04 09:41:56', 0),
(29, '局部UV', 'craft_local_uv', 'craft', 0, 1, '#a78bfa', NULL, 4, 1, '2026-06-04 09:41:56', '2026-06-04 09:41:56', 0),
(30, '白墨', 'craft_white_ink', 'craft', 0, 1, '#f8fafc', NULL, 5, 1, '2026-06-04 09:41:56', '2026-06-04 09:41:56', 0),
(31, '异形裁切', 'craft_die_cut', 'craft', 0, 1, '#f472b6', NULL, 6, 1, '2026-06-04 09:41:56', '2026-06-04 09:41:56', 0),
(32, '压纹', 'craft_emboss', 'craft', 0, 1, '#78716c', NULL, 7, 1, '2026-06-04 09:41:56', '2026-06-04 09:41:56', 0),
(33, '磨砂', 'craft_frosted', 'craft', 0, 1, '#94a3b8', NULL, 8, 1, '2026-06-04 09:41:56', '2026-06-04 09:41:56', 0),
(34, '透明', 'craft_transparent', 'craft', 0, 1, '#67e8f9', NULL, 9, 1, '2026-06-04 09:41:56', '2026-06-04 09:41:56', 0),
(35, '镜面', 'craft_mirror', 'craft', 0, 1, '#e2e8f0', NULL, 10, 1, '2026-06-04 09:41:56', '2026-06-04 09:41:56', 0),
(36, '双面印刷', 'craft_double_side', 'craft', 0, 1, '#93c5fd', NULL, 11, 1, '2026-06-04 09:41:56', '2026-06-04 09:41:56', 0),
(37, '特种纸', 'craft_special_paper', 'craft', 0, 1, '#fef3c7', NULL, 12, 1, '2026-06-04 09:41:56', '2026-06-04 09:41:56', 0),
(38, '香味', 'craft_scent', 'craft', 0, 1, '#f9a8d4', NULL, 13, 1, '2026-06-04 09:41:56', '2026-06-04 09:41:56', 0),
(39, '温变', 'craft_thermo', 'craft', 0, 1, '#60a5fa', NULL, 14, 1, '2026-06-04 09:41:56', '2026-06-04 09:41:56', 0),
(40, '夜光', 'craft_glow', 'craft', 0, 1, '#a3e635', NULL, 15, 1, '2026-06-04 09:41:56', '2026-06-04 09:41:56', 0),
(41, '线下活动赠品', 'scene_offline_gift', 'scene', 0, 1, '#f472b6', NULL, 1, 1, '2026-06-04 09:41:56', '2026-06-04 09:41:56', 0),
(42, '展会无料', 'scene_exhibition_gift', 'scene', 0, 1, '#a78bfa', NULL, 2, 1, '2026-06-04 09:41:56', '2026-06-04 09:41:56', 0),
(43, 'VIP礼盒', 'scene_vip_gift', 'scene', 0, 1, '#fbbf24', NULL, 3, 1, '2026-06-04 09:41:56', '2026-06-04 09:41:56', 0),
(44, '联动物料', 'scene_collab_goods', 'scene', 0, 1, '#34d399', NULL, 4, 1, '2026-06-04 09:41:56', '2026-06-04 09:41:56', 0),
(45, '抽奖奖品', 'scene_raffle_prize', 'scene', 0, 1, '#f97316', NULL, 5, 1, '2026-06-04 09:41:56', '2026-06-04 09:41:56', 0),
(46, '生日活动', 'scene_birthday', 'scene', 0, 1, '#fb7185', NULL, 6, 1, '2026-06-04 09:41:56', '2026-06-04 09:41:56', 0),
(47, '艺术展', 'scene_art_exhibition', 'scene', 0, 1, '#818cf8', NULL, 7, 1, '2026-06-04 09:41:56', '2026-06-04 09:41:56', 0),
(48, '快闪店', 'scene_popup_store', 'scene', 0, 1, '#22d3ee', NULL, 8, 1, '2026-06-04 09:41:56', '2026-06-04 09:41:56', 0),
(49, '应援物料', 'scene_support_material', 'scene', 0, 1, '#e879f9', NULL, 9, 1, '2026-06-04 09:41:56', '2026-06-04 09:41:56', 0),
(50, '入场礼包', 'scene_welcome_kit', 'scene', 0, 1, '#4ade80', NULL, 10, 1, '2026-06-04 09:41:56', '2026-06-04 09:41:56', 0),
(51, '新需求', NULL, 'category', 0, 1, NULL, NULL, 99, 1, '2026-06-05 06:46:55', '2026-06-05 06:46:55', 0),
(52, '复刻或跟车', NULL, 'category', 0, 1, NULL, NULL, 99, 1, '2026-06-05 06:46:55', '2026-06-05 06:46:55', 0),
(53, '其他（日用品等）', NULL, 'category', 0, 1, NULL, NULL, 99, 1, '2026-06-05 06:46:55', '2026-06-05 06:46:55', 0),
(54, '新需求', NULL, 'scene', 0, 1, NULL, NULL, 99, 1, '2026-06-05 08:31:20', '2026-06-05 08:31:20', 0);

SET FOREIGN_KEY_CHECKS = 1;
